timestamp,latitude,longitude,speed_kmh
2024-03-15T07:00:00,-27.5013734,151.0000117,3.5
2024-03-15T07:00:05,-27.5013942,151.000213,0.2
2024-03-15T07:00:10,-27.5012369,151.0000329,5.2
2024-03-15T07:00:15,-27.5008538,151.0005472,3.0
2024-03-15T07:00:20,-27.5011006,151.000553,3.6
2024-03-15T07:00:25,-27.5014865,151.0000481,5.7
2024-03-15T07:00:30,-27.5009028,151.0005726,3.3
2024-03-15T07:00:35,-27.5014236,151.0003351,1.6
2024-03-15T07:00:40,-27.5008898,151.0005251,0.9
2024-03-15T07:00:45,-27.5009694,151.0002768,0.4
2024-03-15T07:00:50,-27.5015343,151.0003261,5.0
2024-03-15T07:00:55,-27.5009583,151.0004266,2.3
2024-03-15T07:01:00,-27.50114,151.0004375,4.3
2024-03-15T07:01:05,-27.501047,151.0006432,2.7
2024-03-15T07:01:10,-27.5014815,151.0000841,2.7
2024-03-15T07:01:15,-27.5014611,151.0004881,3.6
2024-03-15T07:01:20,-27.5009867,151.0002226,1.3
2024-03-15T07:01:25,-27.5013596,150.9999634,1.7
2024-03-15T07:01:30,-27.5013162,151.000568,5.7
2024-03-15T07:01:35,-27.5014151,151.0005599,3.5
2024-03-15T07:01:40,-27.5013143,151.00017,0.8
2024-03-15T07:01:45,-27.500864,151.0000221,5.5
2024-03-15T07:01:50,-27.500986,151.0002531,4.3
2024-03-15T07:01:55,-27.5013353,151.000033,3.1
2024-03-15T07:02:00,-27.5014678,151.0001205,3.6
2024-03-15T07:02:05,-27.5010615,151.0002935,1.3
2024-03-15T07:02:10,-27.5013909,151.000436,5.3
2024-03-15T07:02:15,-27.5009781,151.000438,5.0
2024-03-15T07:02:20,-27.5012689,151.0000572,0.8
2024-03-15T07:02:25,-27.5011721,151.0004062,5.9
2024-03-15T07:02:30,-27.5012518,151.0004729,2.6
2024-03-15T07:02:35,-27.5015181,151.0000041,5.0
2024-03-15T07:02:40,-27.5008649,151.0005098,1.0
2024-03-15T07:02:45,-27.5012794,151.0001482,2.9
2024-03-15T07:02:50,-27.5009613,151.0005896,1.2
2024-03-15T07:02:55,-27.5013288,151.000321,1.6
2024-03-15T07:03:00,-27.5012673,150.9999587,3.9
2024-03-15T07:03:05,-27.5012933,151.0002821,1.5
2024-03-15T07:03:10,-27.5011346,151.0004405,3.3
2024-03-15T07:03:15,-27.5011275,151.0001123,2.3
2024-03-15T07:03:20,-27.5012572,151.0006052,1.4
2024-03-15T07:03:25,-27.5009054,151.000615,3.4
2024-03-15T07:03:30,-27.5009026,150.9999678,1.5
2024-03-15T07:03:35,-27.5011713,151.0003015,5.7
2024-03-15T07:03:40,-27.5008641,151.0004453,4.9
2024-03-15T07:03:45,-27.5013338,151.0003448,4.1
2024-03-15T07:03:50,-27.5015152,151.0001875,2.8
2024-03-15T07:03:55,-27.5010136,151.0006306,0.2
2024-03-15T07:04:00,-27.501147,151.0001623,3.9
2024-03-15T07:04:05,-27.5010824,151.0002774,1.5
2024-03-15T07:04:10,-27.5011668,151.0003009,22.6
2024-03-15T07:04:13,-27.5009283,151.0007547,38.3
2024-03-15T07:04:16,-27.5007242,151.0011455,39.9
2024-03-15T07:04:19,-27.5004676,151.0015782,36.1
2024-03-15T07:04:22,-27.5003868,151.0019865,33.1
2024-03-15T07:04:25,-27.5001376,151.0024371,22.4
2024-03-15T07:04:28,-27.4998139,151.0028122,28.3
2024-03-15T07:04:31,-27.4996487,151.0032506,22.6
2024-03-15T07:04:34,-27.4994539,151.0036734,23.3
2024-03-15T07:04:37,-27.4992739,151.0040212,26.6
2024-03-15T07:04:40,-27.4990326,151.0045091,29.7
2024-03-15T07:04:43,-27.4989288,151.0045253,32.8
2024-03-15T07:04:46,-27.4987708,151.0049801,27.0
2024-03-15T07:04:49,-27.4984377,151.0054573,32.0
2024-03-15T07:04:52,-27.4982267,151.0058873,32.6
2024-03-15T07:04:55,-27.4980334,151.0062471,26.2
2024-03-15T07:04:58,-27.4978095,151.0067264,29.9
2024-03-15T07:05:01,-27.4974582,151.0072216,36.9
2024-03-15T07:05:04,-27.4972813,151.0076789,29.7
2024-03-15T07:05:07,-27.4970219,151.0081346,31.4
2024-03-15T07:05:10,-27.496712,151.0085777,26.9
2024-03-15T07:05:13,-27.4964546,151.0090691,36.3
2024-03-15T07:05:16,-27.4964429,151.0089493,32.6
2024-03-15T07:05:19,-27.4962475,151.0094796,22.2
2024-03-15T07:05:22,-27.4960094,151.0098329,36.9
2024-03-15T07:05:25,-27.4957909,151.010333,39.5
2024-03-15T07:05:28,-27.4954744,151.0108158,24.1
2024-03-15T07:05:31,-27.49525,151.0112607,38.7
2024-03-15T07:05:34,-27.4950533,151.011648,36.7
2024-03-15T07:05:37,-27.4946798,151.0121901,24.1
2024-03-15T07:05:40,-27.4945414,151.0126429,37.6
2024-03-15T07:05:43,-27.494194,151.0131036,23.6
2024-03-15T07:05:46,-27.493973,151.0135646,33.2
2024-03-15T07:05:49,-27.4939886,151.0135586,35.7
2024-03-15T07:05:52,-27.4937115,151.0139418,36.1
2024-03-15T07:05:55,-27.4935393,151.0143999,32.7
2024-03-15T07:05:58,-27.4932889,151.0147984,29.6
2024-03-15T07:06:01,-27.4930542,151.015344,34.3
2024-03-15T07:06:04,-27.492791,151.0157095,23.6
2024-03-15T07:06:07,-27.4924527,151.016272,29.2
2024-03-15T07:06:10,-27.4922599,151.0165935,23.9
2024-03-15T07:06:13,-27.4919488,151.0170637,30.1
2024-03-15T07:06:16,-27.4917361,151.0175297,35.0
2024-03-15T07:06:19,-27.4915307,151.0179598,39.3
2024-03-15T07:06:22,-27.4914605,151.0179325,37.5
2024-03-15T07:06:25,-27.4912974,151.0184111,27.9
2024-03-15T07:06:28,-27.4909368,151.0189257,30.3
2024-03-15T07:06:31,-27.4908176,151.0193627,29.9
2024-03-15T07:06:34,-27.4904409,151.0196911,34.5
2024-03-15T07:06:37,-27.4903113,151.0202354,27.0
2024-03-15T07:06:40,-27.4900362,151.020694,34.5
2024-03-15T07:06:43,-27.4898159,151.0211282,25.2
2024-03-15T07:06:46,-27.4895392,151.0215556,25.2
2024-03-15T07:06:49,-27.4892667,151.0220322,35.7
2024-03-15T07:06:52,-27.4890086,151.0224021,34.9
2024-03-15T07:06:55,-27.4890456,151.0223343,31.2
2024-03-15T07:06:58,-27.4887058,151.022914,26.2
2024-03-15T07:07:01,-27.4884774,151.0233367,32.5
2024-03-15T07:07:04,-27.4882243,151.0237844,39.1
2024-03-15T07:07:07,-27.4878957,151.0241822,40.0
2024-03-15T07:07:10,-27.4876731,151.024556,35.8
2024-03-15T07:07:13,-27.4873727,151.0249785,23.4
2024-03-15T07:07:16,-27.4870787,151.0255357,33.6
2024-03-15T07:07:19,-27.4867995,151.0259125,35.6
2024-03-15T07:07:22,-27.4866259,151.0263066,28.8
2024-03-15T07:07:25,-27.4862983,151.0267659,26.0
2024-03-15T07:07:28,-27.486369,151.0267305,35.7
2024-03-15T07:07:31,-27.4860417,151.0270958,30.0
2024-03-15T07:07:34,-27.4856905,151.0273839,31.8
2024-03-15T07:07:37,-27.4854039,151.0276641,32.8
2024-03-15T07:07:40,-27.4852313,151.0280028,25.7
2024-03-15T07:07:43,-27.4849039,151.0282649,39.9
2024-03-15T07:07:46,-27.4846327,151.0286409,39.9
2024-03-15T07:07:49,-27.4843307,151.0289488,27.1
2024-03-15T07:07:52,-27.4840763,151.0292591,32.6
2024-03-15T07:07:55,-27.4838213,151.029507,27.5
2024-03-15T07:07:58,-27.4834285,151.0297766,24.3
2024-03-15T07:08:01,-27.483469,151.0298446,39.8
2024-03-15T07:08:04,-27.4831216,151.0299649,25.2
2024-03-15T07:08:07,-27.4827135,151.0300653,28.5
2024-03-15T07:08:10,-27.4823319,151.0302724,34.3
2024-03-15T07:08:13,-27.482051,151.0303767,24.8
2024-03-15T07:08:16,-27.4817026,151.0304325,35.3
2024-03-15T07:08:19,-27.4813253,151.0306849,30.6
2024-03-15T07:08:22,-27.480888,151.0308112,24.2
2024-03-15T07:08:25,-27.4806077,151.0309284,35.1
2024-03-15T07:08:28,-27.4801166,151.0310352,28.9
2024-03-15T07:08:31,-27.479726,151.0311678,36.2
2024-03-15T07:08:34,-27.4800013,151.0314985,2.1
2024-03-15T07:08:39,-27.4799271,151.0310511,6.1
2024-03-15T07:08:44,-27.4795994,151.031058,4.6
2024-03-15T07:08:49,-27.4798905,151.0308984,0.3
2024-03-15T07:08:54,-27.4795339,151.0312164,3.2
2024-03-15T07:08:59,-27.4795173,151.0311253,6.0
2024-03-15T07:09:04,-27.4800591,151.0311449,3.4
2024-03-15T07:09:09,-27.4800166,151.0314793,2.1
2024-03-15T07:09:14,-27.4794526,151.0310871,4.2
2024-03-15T07:09:19,-27.4800782,151.030896,5.6
2024-03-15T07:09:24,-27.4800602,151.0314701,5.1
2024-03-15T07:09:29,-27.4796973,151.0311375,1.7
2024-03-15T07:09:34,-27.4801117,151.0310806,5.4
2024-03-15T07:09:39,-27.4798472,151.0309677,0.5
2024-03-15T07:09:44,-27.4797596,151.0312493,2.4
2024-03-15T07:09:49,-27.4801066,151.0314567,0.5
2024-03-15T07:09:54,-27.4794669,151.0313511,6.2
2024-03-15T07:09:59,-27.4796077,151.031026,4.0
2024-03-15T07:10:04,-27.4800604,151.0312393,4.4
2024-03-15T07:10:09,-27.4796685,151.0311715,1.4
2024-03-15T07:10:14,-27.4797218,151.0312592,6.3
2024-03-15T07:10:19,-27.4795065,151.0310686,0.6
2024-03-15T07:10:24,-27.479814,151.0314512,6.2
2024-03-15T07:10:29,-27.4797169,151.0312691,2.4
2024-03-15T07:10:34,-27.4796072,151.0314168,5.4
2024-03-15T07:10:39,-27.479625,151.0310893,3.2
2024-03-15T07:10:44,-27.4796609,151.0311145,2.5
2024-03-15T07:10:49,-27.4800249,151.0314511,3.5
2024-03-15T07:10:54,-27.4799097,151.0311298,2.4
2024-03-15T07:10:59,-27.4797647,151.0315226,2.5
2024-03-15T07:11:04,-27.4797906,151.0310561,4.4
2024-03-15T07:11:09,-27.4798746,151.0312008,1.0
2024-03-15T07:11:14,-27.4799934,151.0312927,7.0
2024-03-15T07:11:19,-27.4800339,151.0313324,6.2
2024-03-15T07:11:24,-27.4797224,151.0311341,4.2
2024-03-15T07:11:29,-27.4798686,151.0313759,3.8
2024-03-15T07:11:34,-27.4799807,151.031258,6.4
2024-03-15T07:11:39,-27.4801449,151.0313018,0.8
2024-03-15T07:11:44,-27.4796403,151.0309388,4.9
2024-03-15T07:11:49,-27.4795042,151.0310227,5.9
2024-03-15T07:11:54,-27.479985,151.0314858,1.6
2024-03-15T07:11:59,-27.4800592,151.0313572,3.2
2024-03-15T07:12:04,-27.4798343,151.0309524,6.8
2024-03-15T07:12:09,-27.4800606,151.0310813,5.2
2024-03-15T07:12:14,-27.4795116,151.0315474,2.2
2024-03-15T07:12:19,-27.4795945,151.0310575,42.3
2024-03-15T07:12:21.500000,-27.4799618,151.0309805,38.4
2024-03-15T07:12:24,-27.4803838,151.0307115,39.0
2024-03-15T07:12:26.500000,-27.4807966,151.0306805,31.3
2024-03-15T07:12:29,-27.4810881,151.0305268,31.9
2024-03-15T07:12:31.500000,-27.4814786,151.0304004,39.6
2024-03-15T07:12:34,-27.4818229,151.0302035,40.6
2024-03-15T07:12:36.500000,-27.4822332,151.030029,48.5
2024-03-15T07:12:39,-27.48256,151.0299043,47.3
2024-03-15T07:12:41.500000,-27.4829419,151.0298257,40.0
2024-03-15T07:12:44,-27.4833515,151.0296294,45.7
2024-03-15T07:12:46.500000,-27.4833854,151.0296003,49.8
2024-03-15T07:12:49,-27.4836816,151.0293148,42.4
2024-03-15T07:12:51.500000,-27.4839053,151.0290552,46.8
2024-03-15T07:12:54,-27.4842469,151.0287251,33.0
2024-03-15T07:12:56.500000,-27.4844763,151.0284602,40.0
2024-03-15T07:12:59,-27.4847143,151.0281482,40.6
2024-03-15T07:13:01.500000,-27.4850377,151.0278339,44.8
2024-03-15T07:13:04,-27.4853345,151.0275849,38.9
2024-03-15T07:13:06.500000,-27.4856136,151.0272644,38.5
2024-03-15T07:13:09,-27.4858114,151.0270138,42.6
2024-03-15T07:13:11.500000,-27.4861455,151.0265794,33.4
2024-03-15T07:13:14,-27.4861145,151.0266127,35.7
2024-03-15T07:13:16.500000,-27.4864665,151.0261824,31.2
2024-03-15T07:13:19,-27.4867034,151.0257445,33.8
2024-03-15T07:13:21.500000,-27.4869023,151.0253309,36.1
2024-03-15T07:13:24,-27.4871991,151.0249542,42.0
2024-03-15T07:13:26.500000,-27.4874535,151.0244426,46.8
2024-03-15T07:13:29,-27.4877399,151.0240804,42.7
2024-03-15T07:13:31.500000,-27.4880657,151.0235773,36.4
2024-03-15T07:13:34,-27.4883075,151.0231129,40.2
2024-03-15T07:13:36.500000,-27.4886303,151.0226712,44.9
2024-03-15T07:13:39,-27.4888771,151.0222434,48.9
2024-03-15T07:13:41.500000,-27.488887,151.0222695,42.3
2024-03-15T07:13:44,-27.4891259,151.0217673,41.2
2024-03-15T07:13:46.500000,-27.4892884,151.0214031,49.2
2024-03-15T07:13:49,-27.4895696,151.0208972,41.4
2024-03-15T07:13:51.500000,-27.4899,151.0204596,45.3
2024-03-15T07:13:54,-27.4900348,151.0200748,40.2
2024-03-15T07:13:56.500000,-27.490287,151.0195618,46.1
2024-03-15T07:13:59,-27.490669,151.0192206,35.7
2024-03-15T07:14:01.500000,-27.490838,151.0187278,44.4
2024-03-15T07:14:04,-27.4911164,151.0182259,33.9
2024-03-15T07:14:06.500000,-27.4914138,151.0178313,49.4
2024-03-15T07:14:09,-27.4913451,151.0179226,41.1
2024-03-15T07:14:11.500000,-27.4916504,151.0174438,30.8
2024-03-15T07:14:14,-27.4917984,151.0169799,33.3
2024-03-15T07:14:16.500000,-27.4920419,151.0165633,42.1
2024-03-15T07:14:19,-27.4923449,151.0160419,35.7
2024-03-15T07:14:21.500000,-27.4926245,151.0156685,35.8
2024-03-15T07:14:24,-27.4928928,151.0152093,32.8
2024-03-15T07:14:26.500000,-27.4930651,151.0146255,46.7
2024-03-15T07:14:29,-27.4933824,151.0142653,30.8
2024-03-15T07:14:31.500000,-27.493567,151.013728,44.9
2024-03-15T07:14:34,-27.4938413,151.0133901,38.4
2024-03-15T07:14:36.500000,-27.4938127,151.0132912,44.2
2024-03-15T07:14:39,-27.4941384,151.012892,32.9
2024-03-15T07:14:41.500000,-27.4944068,151.0125108,33.0
2024-03-15T07:14:44,-27.4946398,151.0120399,46.8
2024-03-15T07:14:46.500000,-27.4948202,151.0115899,43.3
2024-03-15T07:14:49,-27.4951371,151.0111428,34.0
2024-03-15T07:14:51.500000,-27.495279,151.0106355,32.2
2024-03-15T07:14:54,-27.4956396,151.0102558,49.0
2024-03-15T07:14:56.500000,-27.4958736,151.0097352,30.7
2024-03-15T07:14:59,-27.496026,151.0093679,49.6
2024-03-15T07:15:01.500000,-27.4963652,151.0088938,37.6
2024-03-15T07:15:04,-27.4963815,151.0088189,37.6
2024-03-15T07:15:06.500000,-27.4966582,151.0084235,32.9
2024-03-15T07:15:09,-27.4968497,151.0079648,43.5
2024-03-15T07:15:11.500000,-27.4971269,151.0075122,32.8
2024-03-15T07:15:14,-27.4973373,151.0071031,43.8
2024-03-15T07:15:16.500000,-27.4976537,151.0066452,31.1
2024-03-15T07:15:19,-27.4978189,151.006127,49.9
2024-03-15T07:15:21.500000,-27.4981301,151.0056417,49.7
2024-03-15T07:15:24,-27.4983891,151.00525,32.8
2024-03-15T07:15:26.500000,-27.4985331,151.0047372,30.2
2024-03-15T07:15:29,-27.4988902,151.00433,42.3
2024-03-15T07:15:31.500000,-27.4989247,151.0044246,35.9
2024-03-15T07:15:34,-27.4990142,151.0039407,32.4
2024-03-15T07:15:36.500000,-27.4993211,151.0034536,31.5
2024-03-15T07:15:39,-27.4994441,151.0030387,48.2
2024-03-15T07:15:41.500000,-27.4997313,151.0026911,32.0
2024-03-15T07:15:44,-27.4998939,151.002294,35.2
2024-03-15T07:15:46.500000,-27.500234,151.001867,42.4
2024-03-15T07:15:49,-27.5003201,151.0013488,30.7
2024-03-15T07:15:51.500000,-27.5005728,151.0009612,44.8
2024-03-15T07:15:54,-27.500867,151.0005156,37.9
2024-03-15T07:15:56.500000,-27.5010936,151.0001944,41.3
2024-03-15T07:15:59,-27.5014,151.0003069,4.4
2024-03-15T07:16:04,-27.5014793,151.0002998,4.8
2024-03-15T07:16:09,-27.5014424,151.0006345,5.6
2024-03-15T07:16:14,-27.500922,151.0005507,3.4
2024-03-15T07:16:19,-27.5011652,151.0002473,2.9
2024-03-15T07:16:24,-27.5012093,151.0003683,1.2
2024-03-15T07:16:29,-27.5012626,151.0001073,1.8
2024-03-15T07:16:34,-27.5010331,151.0006242,3.3
2024-03-15T07:16:39,-27.5014229,151.0000349,5.0
2024-03-15T07:16:44,-27.5010544,150.9999678,2.5
2024-03-15T07:16:49,-27.5010239,151.0001891,2.9
2024-03-15T07:16:54,-27.5011673,151.0003955,1.9
2024-03-15T07:16:59,-27.5008775,151.0000916,0.3
2024-03-15T07:17:04,-27.5014676,151.0002351,1.6
2024-03-15T07:17:09,-27.5011979,151.0002517,5.7
2024-03-15T07:17:14,-27.5009298,151.0005862,0.4
2024-03-15T07:17:19,-27.5011416,151.0005648,2.2
2024-03-15T07:17:24,-27.5012728,151.000269,3.1
2024-03-15T07:17:29,-27.5009129,151.0005126,1.6
2024-03-15T07:17:34,-27.5011082,151.0000502,0.2
2024-03-15T07:17:39,-27.5008981,151.0003335,3.6
2024-03-15T07:17:44,-27.501309,151.0003544,2.7
2024-03-15T07:17:49,-27.5012484,151.0004438,2.4
2024-03-15T07:17:54,-27.5014793,151.0005017,4.3
2024-03-15T07:17:59,-27.5015266,151.0006246,5.2
2024-03-15T07:18:04,-27.5009421,151.00025,1.7
2024-03-15T07:18:09,-27.5011213,151.000036,2.5
2024-03-15T07:18:14,-27.501159,151.0002431,1.8
2024-03-15T07:18:19,-27.5012803,151.0003235,2.8
2024-03-15T07:18:24,-27.5011505,151.0005819,3.5
2024-03-15T07:18:29,-27.501262,151.0005379,0.0
2024-03-15T07:18:34,-27.5014612,151.00042,1.3
2024-03-15T07:18:39,-27.5011243,151.0003356,2.5
2024-03-15T07:18:44,-27.5011117,151.0001543,3.7
2024-03-15T07:18:49,-27.5015054,151.0000677,1.9
2024-03-15T07:18:54,-27.5012582,151.0006042,0.2
2024-03-15T07:18:59,-27.5010708,151.0002327,1.6
2024-03-15T07:19:04,-27.5009474,151.0003677,5.6
2024-03-15T07:19:09,-27.5009425,150.9999646,3.6
2024-03-15T07:19:14,-27.5012608,151.0005819,0.2
2024-03-15T07:19:19,-27.5013738,150.9999911,5.1
2024-03-15T07:19:24,-27.5014045,151.000109,4.4
2024-03-15T07:19:29,-27.5012094,151.0001277,0.0
2024-03-15T07:19:34,-27.5012582,151.000199,2.0
2024-03-15T07:19:39,-27.5010664,151.0002045,1.6
2024-03-15T07:19:44,-27.5008781,151.0003514,5.1
2024-03-15T07:19:49,-27.5011087,151.0002618,2.8
2024-03-15T07:19:54,-27.5014872,151.0004884,0.9
2024-03-15T07:19:59,-27.5008551,151.0006299,2.6
2024-03-15T07:20:04,-27.5012054,151.0000793,1.8
2024-03-15T07:20:09,-27.5012407,151.0003054,27.5
2024-03-15T07:20:12,-27.5009202,151.0007377,33.4
2024-03-15T07:20:15,-27.5007393,151.001204,36.0
2024-03-15T07:20:18,-27.5005583,151.0015657,38.2
2024-03-15T07:20:21,-27.5003274,151.0020549,26.1
2024-03-15T07:20:24,-27.5000993,151.0023975,35.5
2024-03-15T07:20:27,-27.4998091,151.0027776,37.1
2024-03-15T07:20:30,-27.4997254,151.0032597,25.1
2024-03-15T07:20:33,-27.4994876,151.0036555,35.9
2024-03-15T07:20:36,-27.4991601,151.0040524,32.2
2024-03-15T07:20:39,-27.4989523,151.0045495,24.4
2024-03-15T07:20:42,-27.4989945,151.0045586,34.8
2024-03-15T07:20:45,-27.4987012,151.0050242,28.6
2024-03-15T07:20:48,-27.4985264,151.0053967,24.9
2024-03-15T07:20:51,-27.4982815,151.0057923,28.6
2024-03-15T07:20:54,-27.4979789,151.0062419,34.6
2024-03-15T07:20:57,-27.4977475,151.006725,30.9
2024-03-15T07:21:00,-27.4975324,151.0071857,25.7
2024-03-15T07:21:03,-27.4973133,151.0076508,36.4
2024-03-15T07:21:06,-27.4969281,151.0080917,25.9
2024-03-15T07:21:09,-27.4968041,151.0086216,35.4
2024-03-15T07:21:12,-27.4965462,151.0089272,33.8
2024-03-15T07:21:15,-27.4964774,151.0090567,31.7
2024-03-15T07:21:18,-27.4962403,151.0094684,31.5
2024-03-15T07:21:21,-27.4959664,151.0099466,34.3
2024-03-15T07:21:24,-27.4957589,151.0103069,25.5
2024-03-15T07:21:27,-27.4955551,151.0107428,37.6
2024-03-15T07:21:30,-27.4952289,151.0113183,31.9
2024-03-15T07:21:33,-27.4950583,151.0117131,36.5
2024-03-15T07:21:36,-27.4946813,151.0120904,30.2
2024-03-15T07:21:39,-27.4944492,151.0126269,40.0
2024-03-15T07:21:42,-27.4942721,151.013094,23.2
2024-03-15T07:21:45,-27.4939289,151.0135207,23.2
2024-03-15T07:21:48,-27.4939951,151.0135403,22.1
2024-03-15T07:21:51,-27.493722,151.0139004,37.4
2024-03-15T07:21:54,-27.4935478,151.0143941,31.4
2024-03-15T07:21:57,-27.4932405,151.0148484,33.8
2024-03-15T07:22:00,-27.4930056,151.0153346,35.4
2024-03-15T07:22:03,-27.492676,151.0157185,34.7
2024-03-15T07:22:06,-27.4925278,151.0162584,29.5
2024-03-15T07:22:09,-27.4922067,151.0166217,24.1
2024-03-15T07:22:12,-27.4920268,151.0170909,25.8
2024-03-15T07:22:15,-27.4917698,151.0175726,36.7
2024-03-15T07:22:18,-27.4915173,151.0179905,32.5
2024-03-15T07:22:21,-27.4915013,151.0179793,38.6
2024-03-15T07:22:24,-27.4911919,151.018427,35.7
2024-03-15T07:22:27,-27.4909698,151.0188449,29.9
2024-03-15T07:22:30,-27.4907906,151.0193382,38.9
2024-03-15T07:22:33,-27.4905721,151.0198142,23.4
2024-03-15T07:22:36,-27.4902437,151.0202574,37.9
2024-03-15T07:22:39,-27.4900032,151.0206817,35.5
2024-03-15T07:22:42,-27.4897326,151.0211196,29.8
2024-03-15T07:22:45,-27.4895062,151.0215878,30.1
2024-03-15T07:22:48,-27.4892251,151.0218921,38.7
2024-03-15T07:22:51,-27.4889397,151.022431,33.3
2024-03-15T07:22:54,-27.4890623,151.0224399,28.2
2024-03-15T07:22:57,-27.4887833,151.0228677,36.5
2024-03-15T07:23:00,-27.4884072,151.0232513,22.4
2024-03-15T07:23:03,-27.4881817,151.0236855,28.1
2024-03-15T07:23:06,-27.4879434,151.0241611,24.0
2024-03-15T07:23:09,-27.487681,151.024553,36.5
2024-03-15T07:23:12,-27.4873108,151.0249774,23.3
2024-03-15T07:23:15,-27.4870947,151.0254909,31.1
2024-03-15T07:23:18,-27.4867827,151.0259357,28.2
2024-03-15T07:23:21,-27.4865132,151.0263513,29.6
2024-03-15T07:23:24,-27.4863248,151.0267338,22.1
2024-03-15T07:23:27,-27.486264,151.0267559,40.0
2024-03-15T07:23:30,-27.4859865,151.0271011,35.0
2024-03-15T07:23:33,-27.4857992,151.0273782,32.0
2024-03-15T07:23:36,-27.4854302,151.0276257,34.4
2024-03-15T07:23:39,-27.4851939,151.0280101,31.8
2024-03-15T07:23:42,-27.4849003,151.0282504,38.2
2024-03-15T07:23:45,-27.4846816,151.0285272,35.9
2024-03-15T07:23:48,-27.4843301,151.0288986,25.3
2024-03-15T07:23:51,-27.4839898,151.0291897,26.0
2024-03-15T07:23:54,-27.4838185,151.0295426,34.1
2024-03-15T07:23:57,-27.4834837,151.0297764,29.9
2024-03-15T07:24:00,-27.4835495,151.029744,27.2
2024-03-15T07:24:03,-27.4830756,151.0299519,25.7
2024-03-15T07:24:06,-27.4827425,151.0300507,39.6
2024-03-15T07:24:09,-27.4824607,151.0302244,35.2
2024-03-15T07:24:12,-27.4820579,151.0303125,30.8
2024-03-15T07:24:15,-27.4815804,151.0305052,26.9
2024-03-15T07:24:18,-27.4812897,151.0306781,31.0
2024-03-15T07:24:21,-27.4808704,151.0308465,26.6
2024-03-15T07:24:24,-27.4805861,151.0309502,36.2
2024-03-15T07:24:27,-27.4801538,151.0310884,23.1
2024-03-15T07:24:30,-27.4797675,151.0312057,38.9
2024-03-15T07:24:33,-27.4795313,151.0311572,1.8
2024-03-15T07:24:38,-27.4798696,151.0311638,0.6
2024-03-15T07:24:43,-27.4801118,151.0311199,0.9
2024-03-15T07:24:48,-27.479699,151.0310329,1.8
2024-03-15T07:24:53,-27.4796408,151.0310007,4.5
2024-03-15T07:24:58,-27.4795657,151.0310858,6.7
2024-03-15T07:25:03,-27.4799101,151.0313653,1.0
2024-03-15T07:25:08,-27.4800626,151.0313891,2.9
2024-03-15T07:25:13,-27.4797102,151.0313201,2.4
2024-03-15T07:25:18,-27.4800666,151.0309594,0.9
2024-03-15T07:25:23,-27.4795973,151.0310138,5.8
2024-03-15T07:25:28,-27.479545,151.0311416,3.0
2024-03-15T07:25:33,-27.4800694,151.0314892,4.5
2024-03-15T07:25:38,-27.4796582,151.031363,6.7
2024-03-15T07:25:43,-27.479725,151.031166,4.5
2024-03-15T07:25:48,-27.4800579,151.0313875,5.4
2024-03-15T07:25:53,-27.4800134,151.031437,4.7
2024-03-15T07:25:58,-27.4795267,151.0314636,4.1
2024-03-15T07:26:03,-27.4798849,151.0311098,0.2
2024-03-15T07:26:08,-27.4797069,151.0310272,3.2
2024-03-15T07:26:13,-27.4797447,151.0315348,0.2
2024-03-15T07:26:18,-27.4795963,151.0313556,6.3
2024-03-15T07:26:23,-27.4798885,151.0309546,6.6
2024-03-15T07:26:28,-27.4800322,151.0311847,1.6
2024-03-15T07:26:33,-27.479479,151.0312037,1.4
2024-03-15T07:26:38,-27.4798174,151.031079,0.5
2024-03-15T07:26:43,-27.4794928,151.0310987,6.7
2024-03-15T07:26:48,-27.4794558,151.0309853,6.0
2024-03-15T07:26:53,-27.4796632,151.0309134,3.7
2024-03-15T07:26:58,-27.4795243,151.0312913,3.8
2024-03-15T07:27:03,-27.4798349,151.0315395,6.8
2024-03-15T07:27:08,-27.4801164,151.0309548,2.5
2024-03-15T07:27:13,-27.4797796,151.0312182,3.5
2024-03-15T07:27:18,-27.4799043,151.0309474,5.6
2024-03-15T07:27:23,-27.4797613,151.0314087,4.5
2024-03-15T07:27:28,-27.479795,151.0310792,5.1
2024-03-15T07:27:33,-27.4800331,151.0310489,6.0
2024-03-15T07:27:38,-27.4797441,151.0315112,6.7
2024-03-15T07:27:43,-27.4796611,151.0313897,5.4
2024-03-15T07:27:48,-27.4799625,151.0310384,2.1
2024-03-15T07:27:53,-27.4795474,151.0311581,6.0
2024-03-15T07:27:58,-27.4796473,151.031503,3.6
2024-03-15T07:28:03,-27.4800419,151.0313507,2.9
2024-03-15T07:28:08,-27.479902,151.0312042,0.4
2024-03-15T07:28:13,-27.4799153,151.0312873,3.1
2024-03-15T07:28:18,-27.4796156,151.0310195,35.9
2024-03-15T07:28:20.500000,-27.4800857,151.0308889,39.6
2024-03-15T07:28:23,-27.4804089,151.0307412,39.5
2024-03-15T07:28:25.500000,-27.4807343,151.0306947,36.0
2024-03-15T07:28:28,-27.4811948,151.0305209,43.1
2024-03-15T07:28:30.500000,-27.4815467,151.0303406,47.1
2024-03-15T07:28:33,-27.4818754,151.0301716,39.2
2024-03-15T07:28:35.500000,-27.4823138,151.0301375,32.1
2024-03-15T07:28:38,-27.4825899,151.0299685,42.9
2024-03-15T07:28:40.500000,-27.4829936,151.0298027,42.7
2024-03-15T07:28:43,-27.4833664,151.0296178,47.5
2024-03-15T07:28:45.500000,-27.483399,151.0296273,36.7
2024-03-15T07:28:48,-27.4836579,151.0293554,37.2
2024-03-15T07:28:50.500000,-27.4839645,151.0289878,47.2
2024-03-15T07:28:53,-27.4841553,151.0287407,38.5
2024-03-15T07:28:55.500000,-27.4844555,151.0284759,39.6
2024-03-15T07:28:58,-27.4847264,151.0281414,48.4
2024-03-15T07:29:00.500000,-27.485077,151.0278904,44.0
2024-03-15T07:29:03,-27.4853388,151.0274957,48.3
2024-03-15T07:29:05.500000,-27.4856468,151.0272186,41.4
2024-03-15T07:29:08,-27.4858724,151.0269638,44.2
2024-03-15T07:29:10.500000,-27.4861034,151.0266661,34.1
2024-03-15T07:29:13,-27.4861818,151.0267091,35.6
2024-03-15T07:29:15.500000,-27.4864097,151.0262319,35.6
2024-03-15T07:29:18,-27.4866954,151.0257609,46.6
2024-03-15T07:29:20.500000,-27.4869023,151.025374,49.3
2024-03-15T07:29:23,-27.4872094,151.0249513,46.7
2024-03-15T07:29:25.500000,-27.4875498,151.0244128,32.0
2024-03-15T07:29:28,-27.4876982,151.0240043,48.8
2024-03-15T07:29:30.500000,-27.4880427,151.0235517,35.8
2024-03-15T07:29:33,-27.4882598,151.0231556,41.9
2024-03-15T07:29:35.500000,-27.4886234,151.0226284,36.4
2024-03-15T07:29:38,-27.488805,151.0221793,47.5
2024-03-15T07:29:40.500000,-27.488877,151.0222836,45.1
2024-03-15T07:29:43,-27.4891712,151.0218464,43.7
2024-03-15T07:29:45.500000,-27.4893448,151.0213449,44.7
2024-03-15T07:29:48,-27.489617,151.0209738,45.0
2024-03-15T07:29:50.500000,-27.4898027,151.0204692,35.4
2024-03-15T07:29:53,-27.4901693,151.0200101,33.6
2024-03-15T07:29:55.500000,-27.4903194,151.0196222,38.7
2024-03-15T07:29:58,-27.4905478,151.0191308,39.1
2024-03-15T07:30:00.500000,-27.4908162,151.0186564,49.0
2024-03-15T07:30:03,-27.4910354,151.0183197,47.0
2024-03-15T07:30:05.500000,-27.4912764,151.0177763,30.4
2024-03-15T07:30:08,-27.4912948,151.0178105,43.6
2024-03-15T07:30:10.500000,-27.4915822,151.0174502,39.6
2024-03-15T07:30:13,-27.4917763,151.0169384,43.7
2024-03-15T07:30:15.500000,-27.4920978,151.0164417,32.4
2024-03-15T07:30:18,-27.4924043,151.0160797,30.0
2024-03-15T07:30:20.500000,-27.4925769,151.01556,45.7
2024-03-15T07:30:23,-27.4928701,151.0151305,33.5
2024-03-15T07:30:25.500000,-27.4931518,151.0147701,31.5
2024-03-15T07:30:28,-27.4934106,151.0142832,40.5
2024-03-15T07:30:30.500000,-27.4936148,151.0138265,32.7
2024-03-15T07:30:33,-27.4938149,151.0133091,44.1
2024-03-15T07:30:35.500000,-27.493911,151.013304,31.5
2024-03-15T07:30:38,-27.4941721,151.012946,33.9
2024-03-15T07:30:40.500000,-27.4943207,151.0124404,30.4
2024-03-15T07:30:43,-27.4945699,151.0119738,41.7
2024-03-15T07:30:45.500000,-27.4949107,151.0114753,35.2
2024-03-15T07:30:48,-27.4950605,151.0110283,46.3
2024-03-15T07:30:50.500000,-27.4953129,151.0106073,38.5
2024-03-15T07:30:53,-27.4955496,151.0101827,39.6
2024-03-15T07:30:55.500000,-27.4957915,151.0096821,39.4
2024-03-15T07:30:58,-27.4960699,151.0092576,34.6
2024-03-15T07:31:00.500000,-27.496424,151.0089242,37.4
2024-03-15T07:31:03,-27.4963464,151.0088277,37.1
2024-03-15T07:31:05.500000,-27.4966367,151.0084709,42.7
2024-03-15T07:31:08,-27.4968274,151.0079725,37.9
2024-03-15T07:31:10.500000,-27.4970995,151.0075211,46.3
2024-03-15T07:31:13,-27.4974181,151.0070918,33.2
2024-03-15T07:31:15.500000,-27.4975732,151.0066502,32.0
2024-03-15T07:31:18,-27.4977975,151.0061698,33.2
2024-03-15T07:31:20.500000,-27.4980768,151.0056345,35.5
2024-03-15T07:31:23,-27.4983387,151.0052523,47.4
2024-03-15T07:31:25.500000,-27.4985725,151.0048489,35.0
2024-03-15T07:31:28,-27.4988862,151.0042835,30.6
2024-03-15T07:31:30.500000,-27.4988088,151.0044221,45.3
2024-03-15T07:31:33,-27.4989954,151.003954,42.1
2024-03-15T07:31:35.500000,-27.4993352,151.0035798,36.2
2024-03-15T07:31:38,-27.499472,151.0031516,35.5
2024-03-15T07:31:40.500000,-27.4996899,151.0026824,49.6
2024-03-15T07:31:43,-27.4999152,151.0021808,49.4
2024-03-15T07:31:45.500000,-27.5001586,151.0018573,34.2
2024-03-15T07:31:48,-27.5003152,151.0013565,31.4
2024-03-15T07:31:50.500000,-27.5005746,151.0010106,43.8
2024-03-15T07:31:53,-27.5007578,151.0005959,45.7
2024-03-15T07:31:55.500000,-27.5011095,151.0001441,44.9
2024-03-15T07:31:58,-27.5015194,151.0002902,3.5
2024-03-15T07:32:03,-27.5011986,151.0005428,5.5
2024-03-15T07:32:08,-27.5015044,151.0006372,5.4
2024-03-15T07:32:13,-27.5014519,151.000633,3.6
2024-03-15T07:32:18,-27.5008848,151.000014,1.2
2024-03-15T07:32:23,-27.5013719,151.0002904,1.5
2024-03-15T07:32:28,-27.5010027,151.0004395,4.3
2024-03-15T07:32:33,-27.5013933,151.000216,5.4
2024-03-15T07:32:38,-27.5008611,151.0000209,1.8
2024-03-15T07:32:43,-27.5009715,151.0003943,2.5
2024-03-15T07:32:48,-27.5008841,151.0004695,4.3
2024-03-15T07:32:53,-27.501019,151.0004202,1.4
2024-03-15T07:32:58,-27.5014239,151.0002986,1.5
2024-03-15T07:33:03,-27.5013219,151.0003267,5.8
2024-03-15T07:33:08,-27.5011504,151.0003082,5.7
2024-03-15T07:33:13,-27.5014471,151.0001704,3.1
2024-03-15T07:33:18,-27.5013261,151.0005468,2.9
2024-03-15T07:33:23,-27.5014744,151.0005816,4.2
2024-03-15T07:33:28,-27.501373,151.0002057,2.4
2024-03-15T07:33:33,-27.5012179,151.0003221,0.5
2024-03-15T07:33:38,-27.5011147,151.0005297,0.2
2024-03-15T07:33:43,-27.5013244,151.0000653,0.8
2024-03-15T07:33:48,-27.5009431,151.0001183,4.1
2024-03-15T07:33:53,-27.5014781,151.0006068,4.4
2024-03-15T07:33:58,-27.5010669,151.0003325,3.8
2024-03-15T07:34:03,-27.5011864,150.9999778,1.3
2024-03-15T07:34:08,-27.5011599,151.0004171,2.5
2024-03-15T07:34:13,-27.5009998,151.0002648,4.5
2024-03-15T07:34:18,-27.5011864,151.0000752,1.9
2024-03-15T07:34:23,-27.5015133,151.0005697,0.5
2024-03-15T07:34:28,-27.5011593,151.0004068,2.0
2024-03-15T07:34:33,-27.5014342,151.0003846,0.7
2024-03-15T07:34:38,-27.5011287,151.0002093,2.4
2024-03-15T07:34:43,-27.5013714,151.0004322,2.0
2024-03-15T07:34:48,-27.5012143,151.0000694,5.2
2024-03-15T07:34:53,-27.5010225,151.0005445,3.0
2024-03-15T07:34:58,-27.5012465,151.0001986,4.7
2024-03-15T07:35:03,-27.5011055,151.0004513,3.9
2024-03-15T07:35:08,-27.5008609,151.000121,4.7
2024-03-15T07:35:13,-27.5010127,151.0000265,2.8
2024-03-15T07:35:18,-27.5008727,151.0005625,2.4
2024-03-15T07:35:23,-27.5011575,151.0000372,1.1
2024-03-15T07:35:28,-27.5015302,151.0005465,1.4
2024-03-15T07:35:33,-27.5012561,151.0000489,2.0
2024-03-15T07:35:38,-27.5009832,151.0001306,0.5
2024-03-15T07:35:43,-27.5014212,151.0000079,0.9
2024-03-15T07:35:48,-27.5014901,151.0000513,0.7
2024-03-15T07:35:53,-27.5011814,151.0001361,2.5
2024-03-15T07:35:58,-27.5014067,151.0001381,0.2
2024-03-15T07:36:03,-27.5011478,151.0000886,6.0
2024-03-15T07:36:08,-27.5012701,151.0003306,34.3
2024-03-15T07:36:11,-27.5009737,151.0006819,34.1
2024-03-15T07:36:14,-27.5008186,151.001153,39.2
2024-03-15T07:36:17,-27.5005689,151.0015292,30.0
2024-03-15T07:36:20,-27.5003036,151.0020299,38.5
2024-03-15T07:36:23,-27.5001177,151.0024557,38.1
2024-03-15T07:36:26,-27.4998203,151.0027488,27.8
2024-03-15T07:36:29,-27.4995877,151.0032913,34.2
2024-03-15T07:36:32,-27.4994201,151.0036009,37.5
2024-03-15T07:36:35,-27.4991994,151.0040317,22.5
2024-03-15T07:36:38,-27.4989997,151.0045527,29.1
2024-03-15T07:36:41,-27.4990126,151.0045122,30.1
2024-03-15T07:36:44,-27.4987676,151.0049751,25.1
2024-03-15T07:36:47,-27.4985677,151.0053985,28.4
2024-03-15T07:36:50,-27.4983216,151.0058958,39.2
2024-03-15T07:36:53,-27.4980025,151.0062462,34.1
2024-03-15T07:36:56,-27.4977001,151.0066767,28.6
2024-03-15T07:36:59,-27.497524,151.0072284,28.5
2024-03-15T07:37:02,-27.4973066,151.0076799,38.7
2024-03-15T07:37:05,-27.4969477,151.0081293,39.6
2024-03-15T07:37:08,-27.4967279,151.0085091,35.0
2024-03-15T07:37:11,-27.4964582,151.0089847,37.2
2024-03-15T07:37:14,-27.4964648,151.0090276,26.8
2024-03-15T07:37:17,-27.4963145,151.0095189,25.3
2024-03-15T07:37:20,-27.4960575,151.0099668,34.2
2024-03-15T07:37:23,-27.4958145,151.0104225,27.6
2024-03-15T07:37:26,-27.4954414,151.0108083,37.6
2024-03-15T07:37:29,-27.4952039,151.0111853,36.0
2024-03-15T07:37:32,-27.495007,151.0116951,26.3
2024-03-15T07:37:35,-27.4947593,151.0121609,38.0
2024-03-15T07:37:38,-27.4944675,151.0126304,27.5
2024-03-15T07:37:41,-27.4943068,151.0129955,34.1
2024-03-15T07:37:44,-27.4940565,151.0135473,35.1
2024-03-15T07:37:47,-27.4940724,151.0134974,26.0
2024-03-15T07:37:50,-27.4936918,151.0139605,34.7
2024-03-15T07:37:53,-27.4935596,151.0144065,22.1
2024-03-15T07:37:56,-27.4933066,151.0148777,37.0
2024-03-15T07:37:59,-27.4929406,151.0153371,24.6
2024-03-15T07:38:02,-27.4928111,151.0157832,22.5
2024-03-15T07:38:05,-27.4925294,151.0161615,34.5
2024-03-15T07:38:08,-27.4922664,151.016655,39.3
2024-03-15T07:38:11,-27.4920094,151.0171245,39.8
2024-03-15T07:38:14,-27.4917794,151.0176079,31.9
2024-03-15T07:38:17,-27.4914671,151.018023,38.9
2024-03-15T07:38:20,-27.4914604,151.0179695,24.5
2024-03-15T07:38:23,-27.4912161,151.0184434,38.8
2024-03-15T07:38:26,-27.4909397,151.0188933,30.1
2024-03-15T07:38:29,-27.4907812,151.0193798,22.4
2024-03-15T07:38:32,-27.4905518,151.0197529,22.9
2024-03-15T07:38:35,-27.4902866,151.020268,34.8
2024-03-15T07:38:38,-27.4899335,151.020597,32.6
2024-03-15T07:38:41,-27.4897975,151.0210769,22.1
2024-03-15T07:38:44,-27.4894453,151.0215102,22.7
2024-03-15T07:38:47,-27.4892923,151.0219672,31.6
2024-03-15T07:38:50,-27.4890548,151.0224193,39.7
2024-03-15T07:38:53,-27.489031,151.0224226,24.4
2024-03-15T07:38:56,-27.4887723,151.0228572,23.1
2024-03-15T07:38:59,-27.4883864,151.0233086,24.8
2024-03-15T07:39:02,-27.4882215,151.0237526,33.7
2024-03-15T07:39:05,-27.4878821,151.0240934,25.1
2024-03-15T07:39:08,-27.4875856,151.0245772,38.5
2024-03-15T07:39:11,-27.4873491,151.0250792,27.5
2024-03-15T07:39:14,-27.4871349,151.0254695,34.6
2024-03-15T07:39:17,-27.4868559,151.0259082,38.6
2024-03-15T07:39:20,-27.4865138,151.0264067,27.4
2024-03-15T07:39:23,-27.4862274,151.0267464,22.7
2024-03-15T07:39:26,-27.4863538,151.0267579,37.1
2024-03-15T07:39:29,-27.4860332,151.0270774,32.7
2024-03-15T07:39:32,-27.4857856,151.027418,30.5
2024-03-15T07:39:35,-27.4855038,151.0277284,33.4
2024-03-15T07:39:38,-27.4851414,151.0280688,36.1
2024-03-15T07:39:41,-27.484868,151.0283019,36.9
2024-03-15T07:39:44,-27.4845596,151.0285934,32.9
2024-03-15T07:39:47,-27.4842732,151.0289141,24.3
2024-03-15T07:39:50,-27.4840148,151.0292321,25.2
2024-03-15T07:39:53,-27.4837523,151.0295441,32.7
2024-03-15T07:39:56,-27.4835147,151.0297545,23.5
2024-03-15T07:39:59,-27.4835191,151.0298472,33.9
2024-03-15T07:40:02,-27.4831901,151.030011,39.4
2024-03-15T07:40:05,-27.4827801,151.0300307,25.3
2024-03-15T07:40:08,-27.4823727,151.0301855,27.5
2024-03-15T07:40:11,-27.481973,151.0303584,24.3
2024-03-15T07:40:14,-27.4815997,151.0304536,29.1
2024-03-15T07:40:17,-27.4813166,151.0306236,39.7
2024-03-15T07:40:20,-27.4808919,151.0307396,36.2
2024-03-15T07:40:23,-27.4805026,151.0308457,37.5
2024-03-15T07:40:26,-27.4801278,151.0310991,22.9
2024-03-15T07:40:29,-27.4798381,151.0312337,38.7
2024-03-15T07:40:32,-27.4794666,151.0313968,4.7
2024-03-15T07:40:37,-27.479506,151.031302,2.8
2024-03-15T07:40:42,-27.4798779,151.0313927,4.6
2024-03-15T07:40:47,-27.4798653,151.0311091,4.4
2024-03-15T07:40:52,-27.4800394,151.0313632,5.3
2024-03-15T07:40:57,-27.4798996,151.0315488,2.9
2024-03-15T07:41:02,-27.4795902,151.0309756,3.4
2024-03-15T07:41:07,-27.4797185,151.0310392,4.5
2024-03-15T07:41:12,-27.4796051,151.0312931,6.6
2024-03-15T07:41:17,-27.4798151,151.0312144,3.5
2024-03-15T07:41:22,-27.4801026,151.0309759,3.8
2024-03-15T07:41:27,-27.4799648,151.0311427,2.9
2024-03-15T07:41:32,-27.4797929,151.03088,2.7
2024-03-15T07:41:37,-27.4797427,151.0315235,2.6
2024-03-15T07:41:42,-27.4800535,151.0308625,0.3
2024-03-15T07:41:47,-27.4797898,151.0315035,5.9
2024-03-15T07:41:52,-27.4795313,151.0313465,6.7
2024-03-15T07:41:57,-27.4798881,151.0312339,3.7
2024-03-15T07:42:02,-27.4798818,151.0311771,5.8
2024-03-15T07:42:07,-27.4795468,151.0311726,3.2
2024-03-15T07:42:12,-27.4798797,151.0309225,6.2
2024-03-15T07:42:17,-27.4798924,151.0309229,4.8
2024-03-15T07:42:22,-27.4796308,151.0313146,3.4
2024-03-15T07:42:27,-27.4794726,151.0313299,4.5
2024-03-15T07:42:32,-27.479782,151.0308981,2.2
2024-03-15T07:42:37,-27.4799582,151.0312255,1.9
2024-03-15T07:42:42,-27.4796209,151.030939,4.2
2024-03-15T07:42:47,-27.4801435,151.0308609,4.3
2024-03-15T07:42:52,-27.4795959,151.0312399,3.8
2024-03-15T07:42:57,-27.4796323,151.0310959,6.9
2024-03-15T07:43:02,-27.4801111,151.0309104,2.5
2024-03-15T07:43:07,-27.4801338,151.0313569,4.8
2024-03-15T07:43:12,-27.4796779,151.0313352,0.3
2024-03-15T07:43:17,-27.4801178,151.0309361,1.1
2024-03-15T07:43:22,-27.48009,151.0311746,1.8
2024-03-15T07:43:27,-27.4794623,151.0309216,2.9
2024-03-15T07:43:32,-27.4800278,151.0313026,2.8
2024-03-15T07:43:37,-27.4797137,151.0309132,1.8
2024-03-15T07:43:42,-27.4800638,151.0309423,5.9
2024-03-15T07:43:47,-27.4797373,151.0311417,3.0
2024-03-15T07:43:52,-27.4798246,151.0308836,6.6
2024-03-15T07:43:57,-27.4798061,151.0310599,0.4
2024-03-15T07:44:02,-27.479533,151.0310587,4.5
2024-03-15T07:44:07,-27.480137,151.0313534,1.1
2024-03-15T07:44:12,-27.4797052,151.031504,4.5
2024-03-15T07:44:17,-27.4795769,151.0311205,33.5
2024-03-15T07:44:19.500000,-27.4800577,151.0308546,42.6
2024-03-15T07:44:22,-27.4804512,151.0308161,44.2
2024-03-15T07:44:24.500000,-27.480732,151.0306234,39.1
2024-03-15T07:44:27,-27.4811466,151.0305644,47.2
2024-03-15T07:44:29.500000,-27.4814318,151.0304222,33.2
2024-03-15T07:44:32,-27.4818508,151.0302668,39.6
2024-03-15T07:44:34.500000,-27.4822853,151.0301196,38.6
2024-03-15T07:44:37,-27.482641,151.0299701,39.4
2024-03-15T07:44:39.500000,-27.4830218,151.0298377,47.2
2024-03-15T07:44:42,-27.4832843,151.0296774,42.4
2024-03-15T07:44:44.500000,-27.4833744,151.0296171,49.9
2024-03-15T07:44:47,-27.4835766,151.0293835,48.0
2024-03-15T07:44:49.500000,-27.4838835,151.0290832,32.3
2024-03-15T07:44:52,-27.4841575,151.0287061,30.7
2024-03-15T07:44:54.500000,-27.4845236,151.0285152,37.2
2024-03-15T07:44:57,-27.4847861,151.028122,48.2
2024-03-15T07:44:59.500000,-27.4850895,151.0278596,33.8
2024-03-15T07:45:02,-27.4852654,151.027506,44.7
2024-03-15T07:45:04.500000,-27.4856295,151.0273142,49.8
2024-03-15T07:45:07,-27.4859433,151.026918,32.9
2024-03-15T07:45:09.500000,-27.4861059,151.026608,48.9
2024-03-15T07:45:12,-27.4861467,151.0265914,44.0
2024-03-15T07:45:14.500000,-27.4864342,151.0261636,39.6
2024-03-15T07:45:17,-27.4866246,151.0257678,34.2
2024-03-15T07:45:19.500000,-27.4869481,151.0253933,46.9
2024-03-15T07:45:22,-27.487201,151.0248315,42.0
2024-03-15T07:45:24.500000,-27.4874691,151.024473,37.9
2024-03-15T07:45:27,-27.4877002,151.0240183,34.8
2024-03-15T07:45:29.500000,-27.4879931,151.0235888,42.1
2024-03-15T07:45:32,-27.4883309,151.0231282,49.0
2024-03-15T07:45:34.500000,-27.48865,151.0227431,46.7
2024-03-15T07:45:37,-27.4889106,151.0222138,43.9
2024-03-15T07:45:39.500000,-27.4887949,151.0222474,45.5
2024-03-15T07:45:42,-27.4890389,151.0218023,41.8
2024-03-15T07:45:44.500000,-27.4893791,151.021323,45.9
2024-03-15T07:45:47,-27.4896585,151.0208994,37.1
2024-03-15T07:45:49.500000,-27.4897842,151.0205344,30.0
2024-03-15T07:45:52,-27.4901466,151.0199805,42.1
2024-03-15T07:45:54.500000,-27.4903187,151.0195753,42.3
2024-03-15T07:45:57,-27.4905349,151.0192183,46.2
2024-03-15T07:45:59.500000,-27.4908957,151.0186621,47.3
2024-03-15T07:46:02,-27.4910706,151.018353,30.2
2024-03-15T07:46:04.500000,-27.4913286,151.0178,31.3
2024-03-15T07:46:07,-27.4913158,151.0177855,46.5
2024-03-15T07:46:09.500000,-27.4915872,151.0174564,39.5
2024-03-15T07:46:12,-27.4917782,151.0168878,47.2
2024-03-15T07:46:14.500000,-27.4921253,151.0164943,47.0
2024-03-15T07:46:17,-27.4924127,151.0160884,38.7
2024-03-15T07:46:19.500000,-27.4925496,151.015541,34.2
2024-03-15T07:46:22,-27.492802,151.015187,41.5
2024-03-15T07:46:24.500000,-27.4931407,151.0146836,42.1
2024-03-15T07:46:27,-27.4932882,151.0142038,42.6
2024-03-15T07:46:29.500000,-27.4936086,151.0137526,36.9
2024-03-15T07:46:32,-27.4937907,151.0132771,43.2
2024-03-15T07:46:34.500000,-27.4938249,151.013357,43.1
2024-03-15T07:46:37,-27.4940351,151.0128656,49.9
2024-03-15T07:46:39.500000,-27.4943188,151.0124707,38.5
2024-03-15T07:46:42,-27.4945421,151.0119424,33.0
2024-03-15T07:46:44.500000,-27.4948628,151.011606,32.2
2024-03-15T07:46:47,-27.4950553,151.0111378,43.2
2024-03-15T07:46:49.500000,-27.4954091,151.0106373,41.1
2024-03-15T07:46:52,-27.4956292,151.010159,37.2
2024-03-15T07:46:54.500000,-27.4959167,151.0098158,31.1
2024-03-15T07:46:57,-27.4961326,151.009302,38.2
2024-03-15T07:46:59.500000,-27.4963442,151.0088069,31.7
2024-03-15T07:47:02,-27.4963499,151.0088035,47.1
2024-03-15T07:47:04.500000,-27.4966184,151.0084331,48.6
2024-03-15T07:47:07,-27.4969086,151.0079798,46.6
2024-03-15T07:47:09.500000,-27.4971345,151.0074479,36.3
2024-03-15T07:47:12,-27.4973379,151.0070786,44.2
2024-03-15T07:47:14.500000,-27.497648,151.0065831,37.2
2024-03-15T07:47:17,-27.4978833,151.0062141,46.6
2024-03-15T07:47:19.500000,-27.498087,151.0056874,32.9
2024-03-15T07:47:22,-27.4983892,151.0052756,38.6
2024-03-15T07:47:24.500000,-27.4986489,151.0048473,49.7
2024-03-15T07:47:27,-27.4989229,151.004423,48.9
2024-03-15T07:47:29.500000,-27.4988522,151.0043795,47.2
2024-03-15T07:47:32,-27.4990366,151.0038599,32.9
2024-03-15T07:47:34.500000,-27.4992294,151.0035572,32.3
2024-03-15T07:47:37,-27.4994825,151.0031178,34.0
2024-03-15T07:47:39.500000,-27.4996655,151.0026817,39.4
2024-03-15T07:47:42,-27.499962,151.0023148,48.8
2024-03-15T07:47:44.500000,-27.5001168,151.0018022,34.5
2024-03-15T07:47:47,-27.5004205,151.0014526,39.4
2024-03-15T07:47:49.500000,-27.5006134,151.0009451,35.0
2024-03-15T07:47:52,-27.5007849,151.0005255,38.0
2024-03-15T07:47:54.500000,-27.5010998,151.0002208,42.1
